GloboLakes_ID,LakeName,Latitude,Longitude,Country,Type,Elevation,LakeSize,Group,OverallAvg,OverallMeanAmp,misclassified
2,SUPERIOR,47.72,-88.23,Canada; United States,Lake,184,4094,4,6.095569483,14.65381608,FALSE
3,VICTORIA,-1.3,33.23,Tanzania; Uganda;  Kenya,Lake,1140,2313,6,25.13756185,1.561206258,FALSE
4,ARAL Sea,45.13,60.08,Kazakhstan; Uzbekistan,Lake,42,1535,9,11.1087572,26.72332177,FALSE
5,HURON,44.78,-82.21,Canada; United States,Lake,176,2763,5,8.348919811,19.28272155,TRUE
6,MICHIGAN,43.86,-87.09,United States,Lake,176,2710,9,9.423028641,19.25930627,FALSE
7,TANGANYIKA,-6.07,29.46,DR Congo; Tanzania;  Zambia;  Burundi,Lake,837,1148,6,26.35900966,2.225206174,FALSE
8,BAYKAL/BAIKAL,53.63,108.14,Russia,Lake,450,1871,4,3.864620106,13.2071646,FALSE
9,GREAT BEAR Lake,65.91,-121.3,Canada,Lake,157,2590,4,1.290200184,6.457916233,FALSE
10,MALAWI/NYASA/NIASSA,-11.96,34.59,Malawi; Mozambique;  Tanzania,Lake,485,1048,6,26.41118544,4.672556097,FALSE
11,GREAT SLAVE Lake,62.09,-114.37,Canada,Lake,158,1992,4,3.20929838,13.78360188,FALSE
12,ERIE,42.25,-81.16,Canada; United States,Lake,174,1191,9,10.56006512,23.41031653,FALSE
13,WINNIPEG,52.12,-97.25,Canada,Lake,217,1401,5,5.832725752,19.94601055,FALSE
14,CHAD,13.45,14.19,Chad; Nigeria; Niger; Cameroon,Lake,279,58,3,25.98253263,9.434349052,FALSE
15,ONTARIO,43.85,-77.77,Canada; United States,Lake,75,877,9,10.08911542,20.23346381,FALSE
16,LADOGA,60.84,31.39,Russia,Lake,11,1182,5,5.739011692,17.22623565,FALSE
17,BALQASH,45.91,73.95,Kazakhstan,Lake,329,962,9,8.595402362,23.78668964,FALSE
18,ONEGA,61.9,35.35,Russia,Lake,56,690,5,5.381159839,17.07188895,FALSE
20,TITICACA,-15.92,-69.3,Peru; Bolivia,Lake,3827,285,8,13.77115692,3.120876065,FALSE
21,NICARAGUA/COCIBOLCA/GRANADA,11.57,-85.36,Nicaragua,Lake,31,281,3,27.83473937,3.306210002,FALSE
22,TURKANA,3.53,36.08,Kenya; Ethiopia,Lake,438,263,3,27.34227399,2.379254115,FALSE
23,ATHABASCA,59.1,-109.96,Canada,Lake,212,524,4,3.948442826,16.12718258,FALSE
24,"VOLTA, Lake",7.63,0.11,Ghana,Reservoir,89,246,3,29.48068455,1.90084887,FALSE
26,GREAT SALT Lake,41.2,-112.5,United States,Lake,1275,261,9,12.508644,25.61290528,FALSE
28,REINDEER Lake,57.19,-102.27,Canada,Lake,337,310,4,3.632679006,15.3711162,FALSE
29,VÄNERN,58.88,13.22,Sweden,Lake,45,350,5,7.612355329,17.66806883,TRUE
30,ALBERT,1.67,30.91,Uganda; DR Congo,Lake,629,190,3,27.73807042,1.12766199,FALSE
31,WINNIPEGOSIS,52.37,-100.05,Canada,Lake,252,328,5,6.224850482,21.27731523,FALSE
33,KUYBYSHEVSKOYE,54.54,48.65,Russia,Reservoir,56,307,5,7.603869466,23.61416676,FALSE
34,URMIA,37.64,45.49,Iran,Lake,1271,283,1,15.46726962,23.56880066,FALSE
35,"KARIBA, Lake",-17.23,27.6,Zimbabwe; Zambia,Reservoir,468,166,6,26.27336016,6.450996537,FALSE
36,MWERU,-9.01,28.74,Zambia; DR Congo,Lake,949,186,6,25.18525454,5.136841974,FALSE
37,MANITOBA,50.99,-98.8,Canada,Lake,247,295,5,6.645689481,22.01584144,FALSE
38,NIPIGON,49.8,-88.55,Canada,Lake,283,250,5,5.946132348,18.04234782,FALSE
39,BRATSKOYE Reservoir,54.85,103.07,Russia,Reservoir,399,237,5,5.389190518,20.0207514,FALSE
41,QINGHAI,36.89,100.18,China,Lake,3176,194,5,6.385233683,16.1314614,FALSE
42,"CAHORA  BASSA, Lake",-15.73,31.63,Mozambique; Zimbabwe,Reservoir,420,102,6,25.87316054,7.063268388,FALSE
43,TAYMYR,74.48,100.76,Russia,Lake,24,627,4,0.809532703,9.661390043,FALSE
44,"WOODS, lake of the",49.38,-94.91,Canada; United States,Lake,326,156,5,7.28257651,22.11885419,FALSE
45,KHANKA Lake,44.94,132.42,Russia; China,Lake,64,209,9,8.006414794,24.21544277,FALSE
46,MIRIM,-32.89,-53.25,Brazil; Uruguay,Lagoon,10,178,8,18.71957677,12.63923445,FALSE
47,RYBINKSKOYE Reservoir,58.49,38.13,Russia,Reservoir,108,257,5,6.546441029,21.43197021,FALSE
48,"NASSER, Lake",22.86,32.58,Egypt; Sudan,Reservoir,192,186,2,24.31159485,11.47773503,FALSE
50,Peipus/Peipsi,58.41,27.59,Russia; Estonia,Lake,29,234,5,7.164372231,20.89714364,FALSE
51,VAN,38.66,42.98,Turkey,Lake,1638,168,1,13.05779419,19.24732934,FALSE
53,UVS Lake,50.33,92.81,Mongolia; Russia,Lake,752,203,5,6.733519886,21.50978089,FALSE
55,TANA,11.95,37.31,Ethiopia,Lake,1786,116,6,22.82760516,2.557500847,FALSE
57,CEDAR Lake,53.33,-100.14,Canada,Reservoir,256,167,5,5.891554448,20.95047678,FALSE
59,KHUVSGUL Lake,51.02,100.48,Mongolia,Lake,1640,160,4,2.964474136,11.35722901,FALSE
61,VOLGOGRADSKOYE,50.35,45.85,Russia,Reservoir,19,169,9,8.666617824,23.10222186,FALSE
62,ILIAMNA Lake,59.56,-154.9,United States,Lake,35,185,4,4.044094977,12.21313103,FALSE
64,TONLÉ SAP Lake,12.81,104.15,Cambodia,Lake,4,105,3,30.0846755,5.730378556,FALSE
66,TAIHU Lake,31.21,120.24,China,Lake,2,115,1,17.56426974,25.54321482,FALSE
67,KIVU,-2.04,29.23,DR Congo; Rwanda,Lake,1500,88,6,24.01353741,1.316675995,FALSE
68,WOLLASTON Lake,58.3,-103.33,Canada,Lake,396,116,4,3.337021805,14.81741705,FALSE
69,EDWARD/ÉDOUARD,-0.39,29.61,DR Congo; Uganda,Lake,781,78,6,26.18840751,1.037505456,FALSE
71,TSIMLYANSKOYE Reservoir,48.05,42.98,Russia,Reservoir,28,133,9,10.24402375,24.85391374,FALSE
72,SOUTHERN INDIAN Lake,57.14,-98.61,Canada,Reservoir,259,169,4,3.724883083,15.85470334,FALSE
73,ZZZZ,-2.88,-55.14,Brazil,Lake,23,100,3,30.16077698,1.006095641,FALSE
75,HULUN Lake,48.97,117.38,China,Lake,539,109,5,6.59468176,23.34303952,FALSE
77,THERTHAR Lake,34.11,43.17,Iraq,Reservoir,48,74,2,21.34372158,16.40881692,FALSE
78,POYANG Lake,29.25,116.06,China,Lake,3,104,2,21.0021999,20.00539883,FALSE
79,KAKHOVS'KE Reservoir,47.27,33.95,Ukraine,Reservoir,11,128,9,11.08604428,25.22698138,FALSE
81,BANGWEULU,-11.19,29.76,Zambia,Lake,1170,81,6,23.21369722,6.99638159,FALSE
84,CHIQUITA,-30.74,-62.61,Argentina,Lake,66,213,8,19.64829146,14.82701627,FALSE
86,RUKWA,-7.84,32.16,Tanzania,Lake,757,219,6,25.56074144,5.497388498,FALSE
87,KREMENCHUK/KREMENCHUTS'KE Reservoir,49.28,32.62,Ukraine,Reservoir,78,112,9,10.10766362,24.19082614,FALSE
88,ZEYSKOYE,54.26,127.8,Russia,Reservoir,271,126,4,4.681833332,19.50227587,TRUE
90,MAI-NDOMBE,-2.14,18.32,DR Congo,Lake,335,95,3,29.80461929,2.910263924,FALSE
91,NAM Lake,30.71,90.66,China,Lake,4704,91,4,4.461557945,11.51763158,FALSE
92,CHANY,54.83,77.39,Russia,Lake,93,90,5,6.280471993,22.65458788,FALSE
93,KRASNOYARSKOYE,54.84,90.94,Russia,Reservoir,217,99,5,6.215205815,21.16914914,FALSE
94,GENERAL CARRERA/BUENOS AIRES,-46.66,-72.5,Chile; Argentina,Lake,451,109,7,9.984778353,4.789143691,FALSE
95,Vättern,58.33,14.57,Sweden,Lake,91,129,5,7.718750849,17.23330271,TRUE
99,KYOGA,1.5,33.01,Uganda,Lake,1043,65,3,26.63902869,1.514891348,FALSE
100,la MARTRE,63.33,-117.91,Canada,Lake,265,140,4,3.329802692,16.31062333,FALSE
102,UST-ILIMSKOYE,57.15,102.32,Russia,Reservoir,284,84,4,4.392886127,18.26696693,FALSE
103,WILLISTON Lake,55.95,-123.91,Canada,Reservoir,684,89,5,5.449444043,17.37192439,FALSE
104,KAMSKOYE/KAMA Reservoir,58.8,56.26,Russia,Reservoir,111,97,5,5.711201147,21.29603563,FALSE
105,SILING,31.77,88.95,China,Lake,4557,82,5,5.525479131,13.89214524,TRUE
106,BROKOPONDO,4.72,-55.07,Suriname,Reservoir,46,32,3,29.94582619,1.664350855,FALSE
109,HUNG-TSE Lake,33.34,118.53,China,Lake,3,82,1,16.12259037,26.81009015,FALSE
110,SAKAKAWEA,47.81,-102.32,United States,Reservoir,571,80,5,7.757228468,22.40989619,TRUE
111,SAIMAA,61.39,28.2,Finland,Reservoir,79,63,5,6.348031744,19.85185917,FALSE
112,KHANTAYSKOYE VODOKHRANILISHCHE,67.96,87.75,Russia,Reservoir,50,232,4,2.069966871,13.67542459,FALSE
113,SARATOVSKOYE,52.74,48.36,Russia,Reservoir,35,73,9,8.08948799,22.81361045,TRUE
114,OKEECHOBEE,26.95,-80.86,United States,Lake,4,53,2,25.06481063,13.45179303,FALSE
116,KAINJI Reservoir,10.43,4.56,Nigeria,Reservoir,96,42,3,28.52544096,5.001959808,FALSE
117,ARGENTINO Lake,-50.33,-73.03,Argentina,Lake,225,66,7,7.749452708,6.121489642,FALSE
119,MWERU WANTIPA,-8.71,29.72,Zambia,Lake,945,52,6,26.74932182,5.431922079,FALSE
120,TENGIZ,50.44,68.9,Kazakhstan,Lake,297,75,9,7.623072608,22.93081214,TRUE
121,KHYARGAS Lake,49.13,93.3,Mongolia,Lake,1027,86,5,6.985221805,19.90186934,FALSE
125,CLAIRE,58.59,-112.08,Canada,Lake,212,99,5,4.764593849,20.45040457,FALSE
127,la RONGE,55.11,-104.83,Canada,Lake,371,76,5,5.601687259,18.92270636,FALSE
132,de RINCÓN DEL BONETE,-32.7,-55.93,Uruguay,Reservoir,56,45,8,18.68252291,12.83879458,FALSE
133,POOPÓ Lake,-18.81,-67.06,Bolivia,Lake,3679,71,8,12.30535064,9.287203533,FALSE
134,ZZZZ,-2.16,-52.2,Brazil,Lake,8,62,3,30.35451645,0.759416602,FALSE
135,SEVAN Lake,40.39,45.29,Armenia,Lake,1876,66,9,10.11016317,19.57316392,FALSE
136,VYGOZERO,63.54,34.84,Russia,Lake,74,97,5,4.937423506,18.05560555,FALSE
137,CREE Lake,57.47,-106.64,Canada,Lake,484,72,4,4.038735581,16.93440483,FALSE
142,KHAR-US Lake,48.06,92.3,Mongolia,Lake,1191,60,5,7.198555889,22.59309208,FALSE
145,BECHAROF Lake,57.85,-156.4,United States,Lake,22,82,4,3.176583924,9.296318413,FALSE
146,SAINT CLAIR,42.5,-82.73,Canada; United States,Lake,174,58,9,10.14759257,23.65969349,FALSE
147,LESSER SLAVE Lake,55.43,-115.49,Canada,Lake,604,86,5,5.669424392,18.86919578,FALSE
149,ESKIMO Lakes,69.1,-132.76,Canada,Lake,4,178,4,1.860762182,11.72334151,FALSE
150,TOBA,2.61,98.9,Indonesia,Lake,898,46,3,26.54319851,1.007485877,FALSE
151,RED Lake (Upper & Lower),48.04,-95.08,United States,Lake,358,69,5,7.683064802,22.6353226,FALSE
153,de CHAPALA,20.21,-103.05,Mexico,Lake,1573,35,2,21.732679,6.986630587,TRUE
154,"GURI, Embalse de",7.2,-62.83,Venezuela,Reservoir,329,111,3,27.74751875,2.318268996,FALSE
156,EYASI,-3.58,35.04,Tanzania,Lake,1023,38,6,23.38860389,5.661542942,FALSE
157,Päijänne,61.71,25.49,Finland,Lake,95,56,5,6.174761635,19.00776954,FALSE
158,SAINT JEAN,48.66,-72.02,Canada,Reservoir,97,60,5,6.914328229,20.66870206,FALSE
160,BELOYE,60.18,37.64,Russia,Lake,122,89,5,6.01804625,20.90593711,FALSE
163,MÄLAREN,59.44,16.19,Sweden,Lake,18,81,9,7.722003849,20.72763909,TRUE
165,CHAMPLAIN,44.45,-73.27,United States; Canada,Lake,35,71,9,9.31584901,22.51759333,FALSE
166,ABAYA Lake,6.3,37.83,Ethiopia,Lake,1249,48,6,25.38317774,2.71747967,FALSE
167,O'HIGGINS/SAN MARTÍN Lake,-48.75,-72.84,Chile; Argentina,Lake,330,87,7,7.525506285,3.934456691,FALSE
171,VIEDMA Lake,-49.59,-72.56,Argentina,Lake,297,78,7,7.725764626,5.640699156,FALSE
172,GOD'S Lake,54.62,-94.21,Canada,Lake,181,71,4,4.669411396,17.88554991,TRUE
173,RAZAZZA,32.78,43.66,Iraq,Reservoir,36,66,2,21.6874574,18.83586186,FALSE
176,MANAGUA,12.32,-86.35,Nicaragua,Lake,56,45,3,28.09043818,3.790141352,FALSE
179,ZHARI NAMCO,30.9,85.61,China,Lake,4743,43,5,5.626915764,14.04069341,TRUE
181,BOSTEN Lake,41.98,87.07,China,Lake,1062,52,9,11.53793138,25.06359359,FALSE
186,KUMSKOYE VODOKHRANILISHCHE,65.62,32.09,Russia,Lake,112,90,4,3.959891611,15.29946517,FALSE
187,"ORIVESI, PYHÄSELKÄ",62.35,29.59,Finland,Lake,79,72,5,5.702484738,19.39634814,FALSE
192,ILMEN,58.3,31.3,Russia,Reservoir,15,90,5,7.228311471,21.9681829,FALSE
193,GORKY Reservoir,57.11,43.13,Russia,Reservoir,87,61,5,7.332351298,23.57523751,FALSE
194,"SALTON, Sea",33.3,-115.83,United States,Lake,-74,45,2,23.16670038,16.86618428,FALSE
195,PIELINEN,63.16,29.71,Finland,Lake,113,73,5,4.82394893,19.00912765,FALSE
198,NIPISSING,46.24,-79.92,Canada,Lake,212,44,9,8.32659559,22.63955324,FALSE
200,ABITIBI,48.76,-79.59,Canada,Reservoir,276,65,5,6.521909019,21.5628166,FALSE
201,FORT PECK Lake,47.68,-107.29,United States,Reservoir,693,47,9,8.257120404,20.9970009,FALSE
202,OULUJÄRVI,64.35,27.7,Finland,Reservoir,128,80,5,5.054917241,19.3109723,FALSE
205,de BAY,14.36,121.26,Philippines,Lake,12,42,3,29.41953921,4.84905203,FALSE
209,LLANQUIHUE Lake,-41.14,-72.79,Chile,Lake,56,44,8,13.54263217,6.187348404,FALSE
210,ALEXANDRINA,-35.52,139.09,Australia,Lagoon,20,38,8,16.3252724,10.74180639,FALSE
213,PLAYGREEN Lake,54.07,-97.75,Canada,Lake,217,65,5,5.53473269,19.29133859,FALSE
215,TANGRA YUMCO,31.05,86.59,China,Lake,4649,36,4,5.196851984,12.98386893,FALSE
219,COLHUÉ HUAPI,-45.47,-68.76,Argentina,Lake,251,50,7,8.41647636,17.88056116,FALSE
220,"EZEQUIEL RAMOS MEJÍA, Embalse",-39.46,-69.01,Argentina,Reservoir,393,40,8,13.52145396,12.21546721,FALSE
222,PETER POND Lake,55.84,-108.55,Canada,Lake,423,58,5,5.475182821,19.18889593,FALSE
225,SOUTH MOOSE Lake,53.83,-100.04,Canada,Lake,256,47,5,5.820731665,20.30044948,FALSE
228,SEGOZERSKOYE,63.32,33.76,Russia,Lake,129,63,4,4.768162124,16.71571349,FALSE
231,MANGUEIRA,-33.16,-52.84,Brazil,Lagoon,8,48,8,18.54139843,12.16370596,FALSE
233,CHAOHU Lake,31.57,117.57,China,Lake,1,41,1,18.0671124,26.03259516,FALSE
236,SIMCOE,44.47,-79.42,Canada,Lake,233,36,9,9.140600818,22.51677082,FALSE
237,VOTKINSK Reservoir,57.22,55.01,Russia,Reservoir,94,62,5,6.889864362,23.25693068,FALSE
239,ULUNGUR Lake,47.22,87.3,China,Lake,452,51,9,8.41831551,22.87462047,FALSE
240,PYASINO,69.77,87.78,Russia,Lake,17,90,4,1.800765472,15.2404249,FALSE
241,SARYGAMYSH Lake,41.88,57.61,Turkmenistan,Lake,-12,182,1,13.40179889,26.98512634,TRUE
242,KOVDOZERO,66.68,31.99,Russia,Reservoir,40,49,4,3.996666614,16.89881042,FALSE
243,TOLEDO BEND Reservoir,31.55,-93.81,United States,Reservoir,48,34,2,21.24194163,19.65705304,FALSE
244,"DEAD, Sea",31.52,35.49,Jordan; West Bank;  Israel,Lake,-404,27,3,27.20487327,11.32961636,FALSE
245,IZABAL,15.57,-89.11,Guatemala,Lagoon,47,27,3,28.6246076,4.718923511,FALSE
249,HIRAKUD Reservoir,21.64,83.77,India,Reservoir,190,24,3,27.80446685,8.995223046,FALSE
250,PROLETARSKOYE,46.26,42.98,Russia,Lake,15,30,9,11.47439138,25.74562103,FALSE
255,TUMBA,-0.82,17.98,DR Congo,Lake,338,30,3,29.89346202,2.863043851,FALSE
256,CHILWA,-15.32,35.71,Malawi,Lake,629,40,6,24.92172306,8.04583846,FALSE
262,KULUNDINSKOYE,52.98,79.58,Russia,Lake,92,39,5,6.969073819,23.89203492,FALSE
265,CAXIUANA,-2.04,-51.5,Brazil,Lake,1,17,3,30.23219609,0.803057089,FALSE
267,BEYSEHIR,37.78,31.52,Turkey,Lake,1148,32,1,13.70693973,22.06850155,FALSE
268,BIWA Lake,35.25,136.08,Japan,Lake,69,33,1,16.94098279,19.62198721,FALSE
271,SELETYTENIZ,53.23,73.18,Kazakhstan,Lake,66,35,9,7.708020448,24.65743364,FALSE
273,PYAOZERO,66.07,30.98,Russia,Lake,118,80,4,3.913772313,15.94598349,FALSE
277,de COARI,-4.25,-63.37,Brazil,Lake,40,32,3,30.92617663,2.011308527,FALSE
279,AL ASSAD Lake,36.07,38.1,Syria,Reservoir,293,32,1,18.74877266,16.16505744,FALSE
281,DORÉ Lake,54.76,-107.28,Canada,Lake,459,42,5,5.675538626,19.53273929,FALSE
287,GAOYOU Lake,32.87,119.31,China,Lake,1,37,1,16.40377427,27.25928554,FALSE
291,BEI'ER Lake,47.81,117.69,Mongolia; China,Lake,597,36,5,6.930970885,23.36508568,FALSE
294,KHAR Lake,48.05,93.21,Mongolia,Lake,1160,32,5,7.317822452,22.82040183,FALSE
295,TAUPO,-38.81,175.9,New Zealand,Lake,395,29,8,14.74126748,8.50961557,FALSE
296,SHARDARA Reservoir,41.15,68.17,Kazakhstan; Uzbekistan,Reservoir,236,42,1,15.08029164,25.4096715,FALSE
299,BUFFALO Lake,60.22,-115.49,Canada,Lake,264,47,5,4.416636403,19.74284355,FALSE
300,ELING/NGORING Lake,34.93,97.71,China,Lake,4240,31,4,4.12046457,12.72090049,FALSE
301,CROSS Lake,54.99,-97.81,Canada,Reservoir,187,41,5,5.187880345,19.45403486,FALSE
302,HALA Lake,38.31,97.59,China,Lake,4239,29,4,2.867323293,11.32136607,FALSE
303,NORTH MOOSE Lake,54.05,-100.16,Canada,Lake,257,46,5,5.692445306,20.66523623,FALSE
304,FAGNANO/CAMI Lake,-54.55,-68.03,Argentina; Chile,Lake,169,50,7,6.818447048,5.099628983,FALSE
306,LAGDO,8.88,13.97,Cameroon,Reservoir,209,27,3,28.39757437,3.50162537,FALSE
310,BALATON,46.88,17.83,Hungary,Lake,126,41,9,11.68225999,24.53433804,FALSE
311,ATLIN Lake,59.57,-133.75,Canada,Lake,704,53,4,2.982667598,12.08922333,FALSE
312,AYAKKUM Lake,37.55,89.35,China,Lake,4161,35,5,4.73124259,13.88947521,TRUE
314,UPEMBA,-8.65,26.4,DR Congo,Lake,586,27,3,27.3487464,4.286946601,FALSE
316,TATHLINA Lake,60.54,-117.64,Canada,Lake,277,46,5,4.504577795,19.5281697,FALSE
322,NATRON,-2.34,36.02,Tanzania; Kenya,Lake,583,32,3,30.98377196,3.931908696,FALSE
323,CHURCHILL Lake,55.96,-108.29,Canada,Lake,423,34,5,5.482298545,19.63206418,FALSE
325,KWANIA,1.72,32.65,Uganda,Lake,1043,25,3,26.71715384,1.360425236,FALSE
326,DESCHAMBAULT Lake,54.78,-103.45,Canada,Lake,329,31,5,5.797657029,20.06352238,FALSE
327,Geneva/Léman,46.37,6.25,Switzerland; France,Lake,466,32,1,13.37486761,15.84935759,FALSE
328,MINGACEVIR Reservoir,40.93,46.79,Azerbaijan,Reservoir,78,31,1,16.76775091,19.66144111,FALSE
332,TOWUTI,-2.79,121.52,Indonesia,Lake,230,23,3,29.67832566,1.65133908,FALSE
333,BLACK Lake,59.05,-105.73,Canada,Lake,277,33,4,4.094222136,16.68136248,FALSE
336,GYARING/ZHALING Lake,34.92,97.27,China,Lake,4256,24,4,4.348739452,13.1856304,FALSE
337,STEPHENS Lake,56.42,-95.07,Canada,Reservoir,105,27,4,4.370633859,18.79337999,TRUE
339,HAZEN,81.8,-70.94,Canada,Lake,182,177,4,0.048346755,0.801750353,FALSE
340,WINNEBAGO,44.02,-88.42,United States,Lake,229,30,9,9.788499886,24.47124405,FALSE
343,NAHUEL HUAPI Lake,-40.92,-71.52,Argentina,Lake,810,25,7,11.16458325,6.482600268,TRUE
344,KRASNOYE,64.53,174.44,Russia,Lake,2,42,4,2.772953006,16.27404015,FALSE
350,MALHEUR Lake,43.34,-118.83,United States,Lake,1242,17,9,9.002784557,23.40678447,FALSE
351,DAUPHIN Lake,51.27,-99.77,Canada,Lake,259,34,5,6.75289915,22.30356657,FALSE
352,Constance/Bodensee,47.65,9.28,Germany; Switzerland;  Austria,Lake,431,34,9,12.37363326,17.92578555,FALSE
354,NGANGLA RINGCO,31.53,83.09,China,Lake,4863,27,4,4.238971078,12.59444762,FALSE
356,SANDY Lake,53,-93.03,Canada,Lake,282,41,5,5.10268257,20.56210687,FALSE
358,RAZIM Lake,44.83,28.97,Romania,Lagoon,1,35,9,12.17513719,25.52934669,FALSE
360,JURUMIRIM Reservoir,-23.34,-48.69,Brazil,Reservoir,558,16,6,22.55484434,6.940273558,FALSE
361,DNIPRODZERZHYNS'KE Reservoir,48.77,34.17,Ukraine,Reservoir,63,32,9,9.994944373,24.39943539,FALSE
362,"SAM RAYBURN, Lake",31.26,-94.36,United States,Reservoir,45,17,2,21.59681084,18.65465999,FALSE
363,GRANVILLE Lake,56.4,-100.21,Canada,Lake,259,24,5,5.330036413,20.82124155,FALSE
366,MILLE LACS Lake,46.24,-93.65,United States,Lake,381,29,9,8.476765172,23.08699857,FALSE
367,TROUT Lake,60.58,-121.13,Canada,Lake,494,41,4,4.178269766,16.84234426,FALSE
375,FLATHEAD Lake,47.89,-114.18,United States,Reservoir,975,26,9,9.559286926,19.91228711,FALSE
376,LOKKA Reservoir,67.97,27.77,Finland,Reservoir,259,33,4,3.912815326,16.68868832,FALSE
377,"NAKNEK, NORTH ARM NAKNEK Lake",58.64,-155.67,United States,Lake,39,18,4,4.247947781,15.69732348,FALSE
379,CERROS COLORADOS Complex,-38.58,-68.73,Argentina,Reservoir,414,31,8,14.63883776,10.37159171,FALSE
380,TAHOE,39.09,-120.04,United States,Lake,1996,26,9,11.46587402,14.22396928,TRUE
382,QYARING Lake,31.13,88.32,China,Lake,4640,22,4,5.118202158,12.90064727,FALSE
383,TARO Lake,31.13,84.12,China,Lake,4573,22,4,5.080506087,12.74473271,FALSE
387,HJÄLMAREN,59.23,15.86,Sweden,Lake,31,35,9,7.855573081,20.35310526,FALSE
390,EGIRDIR,38.07,30.85,Turkey,Lake,946,26,1,14.30597878,20.77090899,FALSE
391,ILE-A-LA-CROSSE,55.56,-107.75,Canada,Lake,421,27,5,5.600801985,20.58918188,FALSE
393,STORSJÖN,63.09,14.41,Sweden,Lake,302,29,5,4.92843803,15.78098691,FALSE
399,GRAND Lake,49.01,-57.35,Canada,Reservoir,145,22,5,6.118293181,16.7266696,FALSE
400,des BOIS,66.82,-125.15,Canada,Lake,299,43,4,2.321523555,13.54179606,FALSE
403,MARKAKOL,48.75,85.77,Kazakhstan,Lake,1522,29,5,5.416605465,19.52087287,FALSE
405,MONTREAL Lake,54.32,-105.69,Canada,Lake,498,32,5,5.894790879,20.36681308,FALSE
408,HAMMAR,30.76,47.04,Iraq,Lake,4,24,2,22.83672708,14.84782998,FALSE
409,PRIMROSE Lake,54.89,-109.79,Canada,Lake,603,33,5,5.852916894,20.15674902,FALSE
410,SYVASH Lake,45.44,35.24,Ukraine,Lagoon,1,39,9,12.13863327,25.59399009,FALSE
411,PYRAMID Lake,40.03,-119.55,United States,Lake,1161,26,1,14.26086467,16.27106078,FALSE
415,NAM NGUM,18.61,102.66,Laos,Reservoir,221,10,3,27.92932738,5.954360169,FALSE
416,RANCO Lake,-40.23,-72.48,Chile,Lake,83,24,8,14.18459404,8.310941619,FALSE
420,MILLS Lake,61.43,-118.15,Canada,Lake,148,27,4,4.325087823,18.08714812,FALSE
423,SAINT PIERRE/SAINT PETER Lake,46.15,-72.9,Canada,Lake,2,20,9,9.055955471,22.61823548,FALSE
426,COLVILLE Lake,67.19,-125.99,Canada,Lake,293,43,4,2.697285531,14.59392912,FALSE
427,VOZHE,60.57,39.1,Russia,Lake,123,34,5,5.877297849,21.45267924,FALSE
430,FABER Lake,63.95,-117.25,Canada,Lake,213,36,4,3.626808803,16.05908461,FALSE
434,KUBENSKOYE,59.64,39.45,Russia,Lake,106,36,5,6.198073183,22.03275344,FALSE
436,KYIVS'KE Reservoir,50.82,30.48,Ukraine,Reservoir,93,32,9,9.509923904,24.2730911,FALSE
439,MAPAM YUMCO,30.67,81.49,China,Lake,4568,21,4,5.054169592,12.28060249,FALSE
442,GOVIND BALLABH PANT Reservoir,24.07,82.84,India,Reservoir,244,17,3,26.9017506,10.48043107,FALSE
443,CARDIEL Lake,-48.9,-71.26,Argentina,Lake,499,24,7,8.431846841,9.017542289,FALSE
444,NGANGZE Lake,31.01,87.14,China,Lake,4731,23,5,5.43079253,14.45269687,FALSE
445,ZIWAY Lake,7.98,38.84,Ethiopia,Lake,1643,19,6,22.09182804,3.379974174,FALSE
447,KLUANE Lake,61.26,-138.76,Canada,Lake,789,40,4,2.707460778,11.18249972,FALSE
448,MUSTERS,-45.41,-69.23,Argentina,Lake,264,27,7,9.693643112,11.58903827,FALSE
450,LEECH Lake,47.18,-94.43,United States,Lake,397,25,9,8.171629003,23.3388426,FALSE
454,MOLSON Lake,54.22,-96.82,Canada,Lake,220,31,5,5.436160952,19.22925826,FALSE
458,BISTCHO Lake,59.74,-118.83,Canada,Lake,554,32,5,4.464351293,18.1384989,FALSE
459,ZZZZ,67.69,-176.01,Russia,Lagoon,2,52,4,1.84949767,12.61434431,FALSE
461,KAYRAKKUMSKOYE/KAIRAKUM Reservoir,40.32,70.06,Tajikistan,Reservoir,326,25,1,14.66729617,24.26172149,FALSE
462,ITEZHI TEZHI Dam,-15.67,25.95,Zambia,Reservoir,1043,21,6,23.42839283,8.605723961,FALSE
464,GOOSE Lake,41.92,-120.41,United States,Lake,1463,22,9,9.549170825,22.78035964,FALSE
465,KELLER Lake,63.95,-121.58,Canada,Lake,246,37,4,3.464462649,16.39304325,FALSE
471,KANIVS'KE Reservoir,49.98,31.22,Ukraine,Reservoir,90,26,9,10.05415872,24.79081211,FALSE
472,NIZHNEE KUYTO,65.02,31.59,Russia,Lake,104,49,5,4.774148404,18.91923381,FALSE
474,PINEHOUSE Lake,55.55,-106.47,Canada,Lake,390,20,5,5.731344853,20.70638294,FALSE
476,GRANDE DO CURUAI,-2.24,-55.38,Brazil,Lake,29,16,3,30.27851135,1.173587039,FALSE
481,NEAGH,54.62,-6.42,United Kingdom,Lake,58,26,9,11.13789953,13.95152699,TRUE
483,CHUKCHAGIRSKOYE,52,136.58,Russia,Lake,66,27,5,6.10041904,24.01634965,FALSE
484,HADITHAH Dam Lake,34.38,42.03,Iraq,Reservoir,133,22,2,19.98129375,17.28647783,FALSE
486,TROUT Lake,51.2,-93.28,Canada,Lake,399,17,5,6.133360266,19.37922923,FALSE
487,POSO,-1.92,120.62,Indonesia,Lake,447,16,3,28.14689302,1.8560192,FALSE
488,SCUTARI/SKADARSKO,42.19,19.28,Montenegro; Albania,Lake,9,19,1,17.20817354,20.43011643,FALSE
489,DORSOIDONG Lake,33.38,89.81,China,Lake,4920,20,4,3.264632259,11.27671403,FALSE
491,AUBRY,67.42,-126.46,Canada,Lake,293,48,4,2.445865724,13.5123493,FALSE
494,"AGUA VERMELHA, Represa de",-19.96,-50.09,Brazil,Reservoir,390,11,6,26.667635,7.098812072,FALSE
500,UDYL',52.07,139.77,Russia,Lake,6,25,5,6.023068548,23.17214148,FALSE
501,STUART Lake,54.55,-124.58,Canada,Lake,808,24,5,6.381929727,18.35397508,FALSE
502,BOLON',49.8,136.39,Russia,Lake,6,19,5,6.994293611,25.01583443,FALSE
505,GARDA,45.67,10.7,Italy,Lake,85,18,1,15.81788454,15.34771685,FALSE
508,COLD Lake,54.53,-110.04,Canada,Lake,541,25,5,5.869935795,18.50649681,FALSE
509,ZZZZ,46.24,30.31,Ukraine,Lagoon,4,27,9,11.60305494,25.13467089,FALSE
511,AQQIKKOL lake,37.06,88.42,China,Lake,4342,19,4,3.507889563,12.17948735,FALSE
513,CANACARI,-2.92,-58.25,Brazil,Lake,23,18,3,30.68896587,1.652917956,FALSE
515,VALENCIA,10.18,-67.74,Venezuela,Lake,600,17,3,28.62269365,2.924679594,FALSE
518,MJØSA,60.82,10.99,Norway,Reservoir,165,23,5,5.689024012,16.1597989,TRUE
520,"CHIBZHANG Lake, East",33.48,90.32,China,Lake,4920,18,4,3.011546919,10.08380433,FALSE
523,UTAH Lake,40.2,-111.8,United States,Lake,1381,23,9,11.38387458,24.66691531,FALSE
524,LANAO,7.89,124.24,Philippines,Lake,710,15,3,27.29411802,2.066526192,FALSE
526,OHRID,41.04,20.73,Macedonia; Albania,Lake,700,20,1,14.68540061,16.54221564,FALSE
527,ABHE,11.17,41.79,Ethiopia; Djibouti,Lake,414,12,3,29.17314258,6.457224898,FALSE
529,OXFORD Lake,54.85,-95.44,Canada,Lake,186,19,5,4.738146842,18.79496694,FALSE
531,LIANGZI Lake,30.23,114.51,China,Lake,21,16,2,20.17281601,23.51882619,FALSE
533,LACHA,61.31,38.77,Russia,Lake,123,26,5,5.62887581,21.10237126,FALSE
534,"LIVINGSTON, Lake",30.8,-95.14,United States,Reservoir,36,14,2,21.83389661,19.40628214,FALSE
538,SAINT MARTIN,51.65,-98.51,Canada,Lake,243,24,5,6.637008553,21.86387833,FALSE
539,LONGGAN/LONGHU Lake,29.97,116.14,China,Lake,6,18,1,19.07789162,25.87528855,FALSE
540,MAUNOIR,67.46,-124.88,Canada,Lake,263,34,4,2.296383744,13.35382598,FALSE
543,URRU Lake,31.7,88,China,Lake,4546,18,4,5.339418183,13.05771586,FALSE
545,CORMORANT Lake,54.22,-100.9,Canada,Lake,257,22,5,5.899297874,20.10342083,FALSE
546,PEND OREILLE,48.13,-116.44,United States,Reservoir,684,18,9,10.80995948,18.51057494,FALSE
549,DURGUN Lake,47.73,93.42,Mongolia,Lake,1160,21,5,7.430908462,21.56964445,FALSE
550,QUSMURYN Lake,52.72,64.78,Kazakhstan,Lake,113,30,5,7.004649786,24.52583515,FALSE
555,"QUINZE, Lac des & SIMARD",47.57,-78.92,Canada,Lake,274,12,5,7.381703017,21.89477221,FALSE
556,MARION,33.53,-80.47,United States,Reservoir,22,17,2,19.81361653,19.9549905,FALSE
558,OLD WIVES Lake,50.08,-106,Canada,Lake,666,23,5,7.133599515,22.2671942,FALSE
559,UPPER KLAMATH Lake,42.42,-121.89,United States,Lake,1295,17,9,10.07453584,22.44733079,FALSE
566,AMISK Lake,54.58,-102.25,Canada,Lake,300,17,5,5.850417725,19.78564583,FALSE
569,KAKISA Lake,60.93,-117.71,Canada,Lake,222,33,5,4.768492913,19.27801692,FALSE
572,YELLOWSTONE Lake,44.43,-110.39,United States,Lake,2405,21,4,4.827512,16.12346048,FALSE
579,CHAMO Lake,5.83,37.55,Ethiopia,Lake,1249,16,6,25.96881567,2.070679161,FALSE
581,"SPLIT, Lake",56.18,-96.25,Canada,Reservoir,184,23,5,4.784674402,19.20294269,FALSE
586,MALOMBE,-14.64,35.26,Malawi,Lake,484,17,6,25.7016746,7.546545226,FALSE
588,COCHRANE/PUEYRREDÓN Lake,-47.32,-71.95,Chile; Argentina,Lake,203,27,7,8.674705728,8.66972875,FALSE
594,TORNETRÄSK,68.34,19.34,Sweden,Lake,372,34,4,1.896042523,9.469221899,FALSE
601,KRASNODARSKOYE,45.04,39.34,Russia,Reservoir,31,25,9,11.73005924,26.26508876,FALSE
603,UBOLRATANA,16.69,102.6,Thailand,Reservoir,188,13,3,28.91663467,6.192783099,FALSE
604,SHALA Lake,7.46,38.51,Ethiopia,Lake,1644,13,6,23.42574386,2.614269965,FALSE
608,OREL',53.45,139.78,Russia,Lake,6,22,5,5.54284969,21.86838379,FALSE
612,ZZZZ,51.64,140.25,Russia,Lake,7,20,5,5.622347967,21.55711753,FALSE
613,TSHANGALELE,-10.9,27.02,DR Congo,Lake,1152,10,6,24.11445084,7.052694458,FALSE
618,SAINT LUCIA,-28.11,32.47,South Africa,Lagoon,17,21,6,22.71636613,9.045682831,FALSE
623,DAGUAN Lake,30.04,116.38,China,Lake,5,14,1,19.44174957,25.46766131,FALSE
624,SWAN Lake,52.49,-100.74,Canada,Lake,265,22,5,6.626773457,22.64464031,FALSE
627,DIANCHI Pool,24.85,102.69,China,Lake,1922,15,1,18.19206318,11.47274378,FALSE
630,ACHIT Lake,49.5,90.54,Mongolia,Lake,1466,21,5,5.919187616,21.04990509,FALSE
632,TUSTUMENA Lake,60.17,-150.9,United States,Lake,43,28,4,4.72656824,14.84092608,FALSE
633,TIMISKAMING,47.2,-79.44,Canada,Lake,261,12,5,6.419203981,19.73213151,FALSE
634,IZNIK,40.45,29.53,Turkey,Lake,156,19,1,17.21811468,17.55771421,FALSE
635,BELOT,66.88,-126.26,Canada,Lake,293,29,4,2.421906107,13.20372425,FALSE
637,"Rio HONDO, Embalse",-27.53,-64.98,Argentina,Reservoir,247,13,6,22.01877754,14.15963139,FALSE
645,BUUNTSAGAAN Lake,45.58,99.09,Mongolia,Lake,1305,18,5,7.222897791,21.2683992,FALSE
646,CLEARWATER Lake,54.06,-101.05,Canada,Lake,259,20,5,5.841335547,19.27108735,FALSE
649,PUMA YUMCO,28.55,90.4,China,Lake,5007,16,4,3.791827554,9.939129924,FALSE
654,SILJAN,60.86,14.8,Sweden,Lake,185,26,5,6.578646078,19.32566169,FALSE
657,HÖYTIÄINEN,62.87,29.75,Finland,Reservoir,91,18,5,5.485988016,20.09821088,FALSE
667,SITIDGI Lake,68.54,-132.67,Canada,Lake,20,32,4,2.565817719,14.74319092,FALSE
669,UTIKUMA Lake,55.86,-115.39,Canada,Lake,651,25,5,5.91229093,19.79155855,FALSE
672,SMOOTHSTONE Lake,54.65,-106.82,Canada,Lake,479,21,5,5.85780976,19.34729432,FALSE
674,KISALE,-8.28,26.49,DR Congo,Lake,588,16,3,28.00330812,4.593254773,FALSE
676,RAKSHASTAL/LA'NGA,30.72,81.21,China,Lake,4602,15,4,3.786725164,10.63637558,FALSE
677,BEAR Lake,42.01,-111.33,United States,Lake,1806,16,9,9.112881417,21.16145998,FALSE
679,VÕRTSJÄRV,58.22,26.04,Estonia,Lake,47,20,9,7.681528768,21.88628991,TRUE
681,NGOIN,31.52,88.74,China,Lake,4570,14,5,5.721097973,13.72199589,TRUE
683,ITANDÉUA,-1.99,-54.99,Brazil,Lake,53,22,3,30.50812315,1.433236984,FALSE
684,KISKITTOGISU Lake,54.21,-98.37,Canada,Lake,216,18,5,5.636097961,19.74021685,FALSE
685,PAIKU Lake,28.9,85.58,China,Lake,4658,16,4,5.288364702,11.93518706,FALSE
687,GEORGE,0,30.17,Uganda,Lake,907,11,3,27.28394777,1.776551579,FALSE
690,PRESPA,40.89,21.02,Macedonia; Greece;  Albania,Lake,955,13,1,14.09466625,19.92196362,FALSE
699,PAVYLON,68.39,151.99,Russia,Lake,24,23,4,2.333010098,18.97291946,FALSE
702,ZZZZ,45.13,-74.48,Canada,Lake,46,16,9,8.829971992,21.96405886,FALSE
706,BEYSUGSKIY,46.15,38.42,Russia,Lake,1,19,9,11.36596455,25.99372976,FALSE
708,HONGHU Lake,29.85,113.28,China,Lake,22,20,2,20.22895632,24.33036338,FALSE
710,UDDJAURE,65.98,17.82,Sweden,Lake,422,14,4,3.344037349,16.00336391,FALSE
713,TOBIN Lake,53.57,-103.49,Canada,Reservoir,315,17,5,6.342449049,21.29582121,FALSE
723,ENRIQUILLO,18.49,-71.58,Dominican Republic,Lake,8,12,3,29.39747193,3.648407865,FALSE
728,RED DEER Lake,52.95,-101.36,Canada,Lake,265,21,5,6.535830921,22.22380601,FALSE
729,TOKTOGUL Reservoir,41.76,72.91,Kyrgyzstan,Reservoir,849,8,1,13.63050615,17.77442039,FALSE
730,"QUILL LAKES, West",51.88,-104.35,Canada,Lake,520,20,5,6.578675989,21.90359476,FALSE
731,ZAPATOSA,9.14,-73.83,Colombia,Lake,41,19,3,31.22874921,2.318082188,FALSE
732,ZHUONAI Lake,35.55,91.94,China,Lake,4735,13,4,2.637478682,10.27006888,FALSE
733,KISKITTO Lake,54.36,-98.23,Canada,Lake,210,14,5,5.600816329,20.20887924,FALSE
736,KUSAI Lake,35.73,92.83,China,Lake,4472,17,4,2.904804409,10.68773344,FALSE
738,HABBANIYAH Lake,33.29,43.45,Iraq,Reservoir,43,20,2,21.10401398,18.90799935,FALSE
744,DAGZE Lake,31.88,87.43,China,Lake,4469,15,5,5.323115669,14.09302529,TRUE
746,MAUREPAS,30.27,-90.45,United States,Lagoon,0,87,2,21.97681403,18.8270912,FALSE
748,CALCASIEU Lake,29.96,-93.34,United States,Lagoon,0,15,2,21.98033874,18.46248398,FALSE
754,CUMBERLAND Lake,54.04,-102.33,Canada,Lake,266,15,5,6.315636437,21.97709661,FALSE
756,KRONOTSKOYE,54.81,160.2,Russia,Lake,388,20,4,3.540009,12.86173876,FALSE
761,WINNIBIGOSHISH,47.45,-94.17,United States,Lake,399,15,9,8.093893504,23.02933613,FALSE
767,ERHAI Lake,25.78,100.18,China,Lake,2113,16,1,18.04795258,11.27929561,FALSE
770,VICENTE GUERRERO Reservoir,23.96,-98.78,Mexico,Reservoir,201,18,2,25.14410894,10.74869482,FALSE
771,WASEKAMIO Lake,56.56,-108.65,Canada,Lake,424,19,5,5.303164692,19.23110026,FALSE
773,UUREG Lake,50.15,91.01,Mongolia,Lake,1406,19,5,5.313795052,17.20450877,FALSE
779,WAPAWEKKA Lake,54.9,-104.66,Canada,Lake,375,13,5,5.920891954,19.65125495,FALSE
782,PASFIELD Lake,58.37,-105.31,Canada,Lake,410,17,4,3.891430137,15.02395913,FALSE
783,LAMA,69.35,89.22,Russia,Lake,27,39,4,1.685894715,16.38573431,FALSE
791,SHIJIU Lake,31.46,118.87,China,Lake,1,11,1,18.26289608,26.03688384,FALSE
792,NERPICHYE,69.29,160.18,Russia,Lake,2,30,4,1.726428008,14.20858545,FALSE
794,SARTLAN,54.98,78.56,Russia,Lake,112,18,5,6.340049494,22.93389456,FALSE
797,RED SUCKER Lake,54.14,-93.67,Canada,Lake,218,10,5,4.994648501,18.24884864,FALSE
799,ZZZZ,31.17,47.83,Iran; Iraq,Lake,8,34,2,23.08851274,18.13686955,FALSE
800,CORANGAMITE,-38.2,143.38,Australia,Lake,144,17,8,14.91234849,11.82780552,FALSE
801,FEIA,-22.02,-41.32,Brazil,Lagoon,1,8,6,25.58769298,6.80585199,FALSE
804,SACHIGO,53.8,-92.07,Canada,Lake,254,18,5,5.139388432,19.60097513,FALSE
805,"BICHE, Lac la",54.86,-112.07,Canada,Lake,570,19,5,6.17258178,20.37355701,FALSE
806,QAROUN,29.47,30.61,Egypt,Lake,25,14,2,22.39684341,13.68060686,FALSE
810,"PLONGE, Lac la",55.12,-107.34,Canada,Lake,450,17,5,5.600656701,18.85756028,FALSE
811,STORA LULEVATTEN,67.28,19.12,Sweden,Reservoir,398,30,4,2.244809243,11.9673219,FALSE
817,GREAT BITTER Lake,30.29,32.44,Egypt,Lake,9,9,2,23.09978515,12.75442511,FALSE
818,TAAL Lake,13.99,121.01,Philippines,Lake,86,13,3,29.52475431,4.246171238,FALSE
824,MOULTRIE,33.31,-80.07,United States,Reservoir,21,11,2,20.04288681,19.76860262,FALSE
825,TISHKE,66.28,31.86,Russia,Lake,118,19,4,4.160453075,17.72569191,FALSE
827,DALI NUO'ER,43.3,116.62,China,Lake,1216,14,5,6.807130387,21.96957157,FALSE
829,LANGANO Lake,7.61,38.76,Ethiopia,Lake,1640,12,6,24.26010127,3.406706594,FALSE
831,RUPANCO Lake,-40.83,-72.44,Chile,Lake,292,11,8,13.93092725,8.324020629,FALSE
833,SIRINDHORN,15.01,105.39,Thailand,Reservoir,120,11,3,29.060589,4.881203503,FALSE
836,SALVADOR,29.76,-90.25,United States,Lake,0,13,2,22.64712926,18.53236743,FALSE
837,WATERHEN Lake,52.09,-99.57,Canada,Lake,253,12,5,7.025825989,22.41711293,FALSE
840,YALPUH Lake,45.48,28.63,Ukraine,Lake,10,15,9,12.01194191,25.45955417,FALSE
849,BLACKWATER Lake,63.99,-123.12,Canada,Lake,217,26,4,2.893614743,15.35834232,FALSE
851,TENIS,56.12,71.93,Russia,Lake,80,22,5,6.340197109,22.74240358,FALSE
870,ZZZZ,49.04,48.2,Kazakhstan,Lake,8,8,9,10.82479552,27.78075944,FALSE
872,WHITE Lake,29.74,-92.5,United States,Lake,0,13,2,22.31076927,18.74156337,FALSE
876,WEISHAN Lake,34.61,117.24,China,Lake,7,22,1,15.79271536,28.25897257,FALSE
881,BURDUR Lake,37.73,30.21,Turkey,Lake,1003,9,1,16.15062544,18.3805627,FALSE
882,UPPER UGASHIK Lake,57.67,-156.7,United States,Lake,6,19,4,4.464179471,12.41338076,FALSE
883,MONO Lake,38.01,-118.96,United States,Lake,1955,13,9,11.85436992,20.32694292,FALSE
892,FUXIAN Lake,24.49,102.89,China,Lake,1801,6,2,18.94971128,8.967440673,TRUE
893,NEUCHÂTEL,46.9,6.84,Switzerland,Lake,452,14,1,13.28634892,16.71828791,FALSE
894,MOLOCHNYI Lake,46.54,35.34,Ukraine,Lake,3,15,9,11.1712515,25.43944959,FALSE
902,TEKE,53.84,72.95,Kazakhstan,Lake,111,16,9,8.984408987,27.10261065,FALSE
904,WASWANIPI,49.6,-76.5,Canada,Lake,257,14,5,5.497896951,20.12972316,FALSE
907,SHALKAR,50.57,51.67,Kazakhstan,Lake,27,16,9,9.064920099,24.72750975,FALSE
908,"LOCHE, Lac la",56.46,-109.48,Canada,Lake,447,14,5,5.673174479,19.70291671,FALSE
910,CANOE Lake,55.18,-108.23,Canada,Lake,451,14,5,6.16278379,20.49639559,FALSE
913,XURU Lake,30.27,86.41,China,Lake,4712,11,4,4.447209603,11.47590234,FALSE
915,CABALIANA,-3.33,-60.79,Brazil,Lake,28,13,3,30.82517341,1.45201247,FALSE
917,ZIMBAMBO,-8.11,26.88,DR Congo,Lake,586,9,3,28.60256716,5.297645185,FALSE
920,TELMEN Lake,48.83,97.33,Mongolia,Lake,1772,15,5,4.610147096,17.10707204,FALSE
929,GEORGE,29.33,-81.61,United States,Lake,1,8,2,23.92620393,16.39468987,FALSE
931,ROBERT S. KERR Reservoir,35.38,-94.95,United States,Reservoir,152,9,1,19.17312065,22.3907017,FALSE
934,PUKAKI,-43.97,170.15,New Zealand,Reservoir,540,13,7,10.99969884,8.255157944,TRUE
936,YANISYARNI,62.01,30.9,Russia,Lake,73,13,5,6.132737562,20.66615897,FALSE
944,BOLSHOYE MORSKOYE,70.05,158.77,Russia,Lake,12,30,4,1.456691721,12.2416818,FALSE
949,NAMEW Lake,54.17,-102.01,Canada,Lake,266,9,5,5.869753034,19.6008825,FALSE
953,URUA,-2.26,-56.63,Brazil,Lake,17,32,3,30.33543414,1.232354512,FALSE
954,INLAND Lake,66.46,-159.84,United States,Lake,0,20,4,2.857763683,15.94766966,FALSE
957,ALAOTRA,-17.49,48.51,Madagascar,Lake,751,12,6,24.51052139,8.436787116,FALSE
960,MALYE CHANY,54.57,77.96,Russia,Lake,105,12,5,6.336878618,23.14732192,FALSE
962,DEL TORO,-51.22,-72.71,Chile,Lake,170,15,7,7.253861348,7.413364759,FALSE
977,REED Lake,54.64,-100.45,Canada,Lake,278,15,5,5.656584214,19.8024719,FALSE
982,SANGIIN DALAY Lake,49.22,99.1,Mongolia,Lake,1930,10,4,3.431262028,15.06802218,FALSE
983,RINQIN XUB Lake,31.27,83.42,China,Lake,4845,8,4,4.187276137,12.08652575,FALSE
985,ULAKH ULYUNG,68.23,151.34,Russia,Lake,28,12,4,2.461744167,19.10999877,FALSE
989,ZIGE TANG Lake,32.08,90.84,China,Lake,4538,11,4,4.670330098,13.47653825,FALSE
990,GEHU Lake,31.6,119.81,China,Lake,3,14,1,18.29615311,26.97538582,FALSE
1003,TALBOT Lake,54.01,-99.9,Canada,Lake,257,16,5,5.659845294,20.5327993,FALSE
1007,GUÁRICO Reservoir,9.05,-67.37,Venezuela,Reservoir,85,9,3,29.43441223,5.173159003,FALSE
1009,MISSISA Lake,52.31,-85.2,Canada,Lake,161,14,5,5.190879291,19.18705127,FALSE
1010,LOWER UGASHIK Lake,57.49,-156.88,United States,Lake,8,15,4,4.424998043,12.20934508,FALSE
1011,BOLSHOY UVAT,57.54,70.47,Russia,Lake,65,20,5,5.84372169,23.52694662,FALSE
1013,RØSSVATNET,65.79,14.11,Norway,Lake,401,15,4,1.727718347,10.66955707,FALSE
1019,MAHONEY Lake,65.5,-125.36,Canada,Lake,238,23,4,2.918760862,16.07912361,FALSE
1026,AMERICAN FALLS Reservoir,42.92,-112.75,United States,Reservoir,1325,15,9,9.268657721,21.76095126,FALSE
1028,BOLMEN,56.92,13.67,Sweden,Lake,150,9,9,8.549695051,22.40977232,FALSE
1029,EVORON,51.48,136.51,Russia,Lake,80,11,5,6.413880336,25.26259559,FALSE
1031,CHAGAN Lake,45.25,124.26,China,Lake,123,20,9,8.540779645,26.26335976,FALSE
1035,KYZYLKAK,53.43,73.77,Kazakhstan,Lake,28,13,9,8.474603999,27.58609653,FALSE
1046,KABAMBA,-7.9,27.04,DR Congo,Lake,586,7,3,28.62361133,5.012064842,FALSE
1053,ATHAPAPUSKOW Lake,54.53,-101.62,Canada,Lake,287,15,5,5.583307409,18.99920519,FALSE
1058,MAMAWI Lake,58.62,-111.46,Canada,Lake,212,12,5,5.949083133,22.1045396,FALSE
1060,CIENAGA DE PAJARAL,10.82,-74.55,Colombia,Lake,2,8,3,31.42435869,3.598442046,FALSE
1061,NILAKKA,63.12,26.46,Finland,Lake,107,11,5,5.306561351,20.79494394,FALSE
1062,WEKUSKO/WEKISKO Lake,54.76,-99.82,Canada,Lake,256,10,5,5.801752989,19.8871949,FALSE
1063,HADA NAIHAOLAI,49.07,117.93,China,Lake,541,13,5,5.701814359,22.7026676,FALSE
1066,BAM Lake,31.25,90.58,China,Lake,4615,14,4,5.131171756,13.31886664,FALSE
1071,KESAGAMI Lake,50.31,-80.32,Canada,Lake,194,12,5,5.4641034,21.38043332,FALSE
1076,DUKAN Lake,36.11,44.9,Iraq,Reservoir,568,10,2,20.20938428,18.77769548,FALSE
1079,CUONA,32.02,91.48,China,Lake,4586,10,4,5.050847751,13.16912552,FALSE
1083,ELTON,49.15,46.67,Russia,Lake,20,13,9,10.68595979,29.80771213,FALSE
1109,VILLARRICA,-39.26,-72.09,Chile,Lake,229,11,8,14.08350556,9.982175453,FALSE
1110,HIRFANLI,39.16,33.69,Turkey,Reservoir,848,11,1,14.72176345,17.64277232,FALSE
1115,NEUSIEDLER Lake,47.8,16.78,Austria; Hungary,Lake,110,10,9,10.60828511,25.34320202,FALSE
1116,ROSSIGNOL,44.2,-65.08,Canada,Reservoir,74,6,9,9.282275967,23.29525536,FALSE
1121,NEGRA,-34.05,-53.65,Uruguay,Lagoon,44,7,8,18.11193506,13.66941594,FALSE
1128,WALKER Lake,38.7,-118.71,United States,Lake,1339,9,1,14.61436995,18.32857146,FALSE
1129,GRAND Lake,29.9,-92.75,United States,Lake,0,9,2,21.95041732,18.94708073,FALSE
1130,TUOSU Lake,37.13,96.94,China,Lake,2797,10,5,6.596852778,16.40935238,FALSE
1145,KUS,40.19,27.96,Turkey,Lake,24,8,1,16.34768005,21.855401,FALSE
1146,ABIJATA Lake,7.6,38.59,Ethiopia,Lake,1640,6,6,23.43550688,3.65721955,FALSE
1148,MATTAMUSKEET,35.5,-76.2,United States,Lake,1,10,1,17.86898868,22.74021575,FALSE
1169,WABIGOON Lake,49.65,-92.54,Canada,Lake,378,6,5,7.085016651,21.9603947,FALSE
1170,GREAT Lake,-41.89,146.75,Australia,Reservoir,1155,13,7,8.87188003,13.41878746,FALSE
1174,JILI Lake,46.92,87.45,China,Lake,481,11,9,8.72753213,24.09683358,FALSE
1184,GUSINOYE,51.2,106.39,Russia,Lake,547,13,5,6.277296746,21.31561535,FALSE
1187,OZHOGINO,69.25,146.64,Russia,Lake,46,20,4,1.960923611,15.90919447,FALSE
1188,CLEAR Lake,39.02,-122.77,United States,Lake,474,8,1,17.26711004,17.62393806,FALSE
1190,GRANGE DE MONTE ALEGRE,-2.29,-54.31,Brazil,Lake,22,38,3,29.60959325,0.490710218,FALSE
1193,CANYON FERRY Lake,46.5,-111.56,United States,Reservoir,1249,13,9,8.059234145,21.57450783,FALSE
1195,ZZZZ,-54.07,-69.04,Chile,Lake,77,15,7,5.988624488,7.81613912,FALSE
1196,"GALILEE, Sea of",32.8,35.59,Israel,Lake,-202,10,2,23.21247177,13.45668927,FALSE
1199,DEVILS Lake,48.02,-98.97,United States,Lake,433,27,5,7.196029783,21.97203434,FALSE
1201,VANAJAVESI,61.18,24.09,Finland,Lake,93,9,5,6.588641686,20.82883054,FALSE
1204,KASUMIGAURA,36.05,140.37,Japan,Lake,1,13,1,16.78778018,22.67319015,FALSE
1205,DAIHAI Sea,40.55,112.66,China,Lake,1312,5,9,9.177755701,23.54708392,FALSE
1206,DUSHAN Lake,34.97,116.87,China,Lake,30,31,1,15.25219814,27.05967798,FALSE
1207,PUYEHUE,-40.68,-72.47,Chile,Lake,249,8,8,13.59482198,9.290194335,FALSE
1208,CHLYA,53.43,140.04,Russia,Lake,5,13,5,5.547371299,21.82979732,FALSE
1221,PELICAN Lake,52.46,-100.34,Canada,Lake,256,12,5,6.96741616,22.16597506,FALSE
1222,BEAVERHILL Lake,53.46,-112.54,Canada,Lake,674,10,5,6.461401084,21.61858354,FALSE
1236,ULUBAT,40.17,28.59,Turkey,Lake,7,8,1,16.50296392,23.98131662,FALSE
1237,FINGER Lake,53.15,-93.49,Canada,Lake,295,18,5,4.904292053,19.08103285,FALSE
1240,PYHÄJÄRVI,61,22.28,Finland,Lake,52,14,5,6.691577269,20.12390382,FALSE
1241,TEFÉ,-3.45,-64.75,Brazil,Lake,44,9,3,30.97488889,2.629183781,FALSE
1246,LAPPAJÄRVI,63.15,23.67,Finland,Lake,85,17,5,5.707276509,20.06525207,FALSE
1248,BARINGO,0.63,36.08,Kenya,Lake,1056,7,3,27.9146541,1.818489884,FALSE
1249,WALKER Lake,54.7,-96.94,Canada,Lake,210,9,5,5.615591064,21.3398238,FALSE
1257,TAGE,-3.89,136.33,Indonesia,Lake,1563,8,6,23.33250929,0.917472326,FALSE
1259,STROBEL,-48.37,-71.23,Argentina,Lake,733,8,7,5.973090044,5.411969623,FALSE
1264,JUNÍN,-11.02,-76.15,Peru,Lake,3975,9,8,13.35341843,2.754511909,FALSE
1266,WELLINGTON,-38.1,147.32,Australia,Lake,26,8,8,15.95107844,12.47499222,FALSE
1270,BOHU Lake,30.15,116.44,China,Lake,11,7,1,18.89550968,26.42781365,FALSE
1282,TEPOUMA,-1.81,-56,Brazil,Lake,27,8,3,30.41191649,0.958168281,FALSE
1286,KARASOR,49.87,75.57,Kazakhstan,Lake,628,12,5,6.38554675,21.69381696,FALSE
1293,ZZZZ,34.2,45.02,Iraq,Reservoir,96,15,2,21.17587015,18.48268299,FALSE
1294,AIRAG Lake,48.9,93.44,Mongolia,Lake,1058,13,5,7.013137633,22.57258483,FALSE
1295,LLANCANELO,-35.62,-69.15,Argentina,Lake,1337,17,8,12.29582072,16.89432256,TRUE
1307,MAINIT,9.44,125.52,Philippines,Lake,34,6,3,29.85702978,2.973239372,FALSE
1323,PALUNG Lake,30.87,83.58,China,Lake,5182,9,4,3.282925419,10.57600415,FALSE
1327,TUDAKUL Lake,39.85,64.83,Uzbekistan,Lake,196,13,1,15.68401166,23.17826125,FALSE
1355,GENERAL VINTTER/PALENA Lake,-43.93,-71.53,Argentina; Chile,Lake,974,5,7,7.859708654,7.34056094,FALSE
1358,FUTOU Lake,30.04,114.2,China,Lake,22,6,2,20.51033276,23.25093453,FALSE
1359,WANAPITEI Lake,46.73,-80.74,Canada,Lake,278,11,5,7.636544039,20.67109889,FALSE
1360,QAMYSTYBAS,46.2,61.78,Kazakhstan,Lake,58,10,9,10.19779087,25.9760461,FALSE
1361,ZZZZ,22.99,-106.11,Mexico,Lagoon,3,3,3,27.16506838,9.408262689,FALSE
1368,KISSIMMEE,27.9,-81.27,United States,Lake,15,6,2,25.23296064,14.44902387,FALSE
1370,CALLING Lake,55.24,-113.31,Canada,Lake,596,12,5,6.145219828,19.57870243,FALSE
1375,CANDLE Lake,53.82,-105.29,Canada,Lake,495,11,5,6.068855992,20.11090815,FALSE
1377,ROMBEBAI,-1.87,137.92,Indonesia,Lake,5,7,3,30.83188092,1.122828798,FALSE
1381,SOLUNTAKH,71.71,143.24,Russia,Lake,14,20,4,1.754511111,14.72460387,FALSE
1382,DUNG Lake,31.7,91.16,China,Lake,4560,6,4,4.793629709,13.46250759,FALSE
1392,TYRIFJORDEN,60.02,10.17,Norway,Lake,87,6,5,6.575555234,20.8268927,FALSE
1421,NANHU Lake,31.11,118.89,China,Lake,1,13,1,17.7198321,27.92508097,FALSE
1422,HINDMARSH,-36.04,141.91,Australia,Lake,120,9,8,15.96409219,12.74211096,FALSE
1423,SKAGERN,58.99,14.25,Sweden,Lake,69,9,9,8.076227705,19.82403064,FALSE
1424,GOOSE Lake,54.44,-101.54,Canada,Lake,274,12,5,6.191745085,21.3952825,FALSE
1425,WASEKAMIO Lake,56.74,-108.76,Canada,Lake,423,8,5,5.498269527,19.97869206,FALSE
1430,LUOMA Lake,34.06,118.21,China,Lake,1,15,1,15.98273513,27.8553389,FALSE
1434,ÁLVARO  OBREGÓN,27.97,-109.8,Mexico,Reservoir,86,8,2,25.43553134,13.06366971,FALSE
1467,ROSS R. BARNETT Reservoir,32.47,-90.01,United States,Reservoir,88,6,2,21.0588896,21.05898625,FALSE
1479,"ATITLÁN, Lago de",14.67,-91.2,Guatemala,Lake,1615,5,6,22.86799448,3.135070573,FALSE
1489,WINEFRED Lake,55.51,-110.53,Canada,Lake,595,10,5,5.542667317,19.82610306,FALSE
1493,APOPKA,28.62,-81.62,United States,Lake,22,7,2,24.42978575,15.45101085,FALSE
1498,SEBAGO Lake,43.85,-70.55,United States,Lake,85,5,9,10.29151648,23.90687131,FALSE
1505,SNIARDWY,53.76,21.75,Poland,Lake,131,8,9,8.89386765,22.92864296,FALSE
1510,"QUILL LAKES, East",51.91,-104.04,Canada,Lake,518,13,5,6.242160143,21.48486645,FALSE
1511,PELLEGRINI Lake,-38.7,-68.01,Argentina,Lake,281,7,8,15.02451661,14.56866441,FALSE
1516,BAUNT,55.21,112.98,Russia,Lake,1127,9,4,3.514241902,17.84496705,FALSE
1518,CILDIR,41.03,43.23,Turkey,Lake,1969,8,5,7.562832828,19.7728173,FALSE
1524,GORDON Lake,56.51,-110.45,Canada,Lake,458,11,5,5.56654443,20.73764105,FALSE
1529,TRASIMENO,43.14,12.1,Italy,Lake,259,9,1,15.94378811,21.23405035,FALSE
1535,GRANDE DO CURUAI,-2.15,-55.51,Brazil,Lake,18,24,3,30.4634744,1.391312052,FALSE
1537,VICTORIA,-34.02,141.3,Australia,Lake,52,7,8,17.53626596,13.4260024,FALSE
1540,ZZZZ,67.55,-127.06,Canada,Lake,293,16,4,2.527051904,14.6696797,FALSE
1547,CREAN Lake,54.09,-106.17,Canada,Lake,524,9,5,5.964119784,19.20046891,FALSE
1555,INDAWGYI Natural Lake,25.15,96.34,Burma,Lake,288,5,3,27.55087743,10.75755297,FALSE
1569,NIDILI,63.61,125.19,Russia,Lake,136,12,4,3.348113484,21.14244893,FALSE
1573,UNARBA 2-ya,68.38,155.08,Russia,Lake,28,12,4,2.426246849,15.9236665,FALSE
1576,ZZZZ,64.62,-121.61,Canada,Lake,159,13,4,3.861121443,18.18181276,FALSE
1582,NIGHT HAWK Lake,48.44,-80.98,Canada,Lake,287,9,5,6.9216332,23.19128152,FALSE
1583,CALAFQUÉN,-39.53,-72.15,Chile,Lake,262,7,8,14.50201258,9.780444051,FALSE
1594,SUGGI Lake,54.36,-102.78,Canada,Lake,289,11,5,6.18691376,21.30268162,FALSE
1596,BOLSENA,42.6,11.93,Italy,Lake,368,8,1,16.44197247,16.82484325,FALSE
1608,"KIRPILSKIY, BOLSHOY ORLINYY, ZOLOTOY, et al.",45.82,38.19,Russia,Lake,11,11,9,11.95852475,26.89788477,FALSE
1616,POELELA,-24.52,35.02,Mozambique,Lagoon,11,4,6,25.48817179,7.844733367,FALSE
1618,MIYUN Reservoir,40.51,116.94,China,Reservoir,130,10,9,10.75894363,25.95266901,FALSE
1623,WILLIAM Lake,53.89,-99.38,Canada,Lake,266,10,5,5.393114039,21.11209891,FALSE
1627,AZUEI,18.57,-71.96,Haiti; Dominican Republic,Lake,33,7,3,28.10563954,3.476506797,FALSE
1629,BULMER Lake,62.8,-120.77,Canada,Lake,183,8,5,4.286882074,19.8626315,FALSE
1632,NARVSKOYE VODOKHRANILISHCHE,59.28,28.15,Russia; Estonia,Lake,22,9,5,7.159844821,23.01347173,FALSE
1640,DAVY Lake,58.87,-108.26,Canada,Lake,346,6,5,4.967165658,19.91986938,FALSE
1649,MÜRITZ,53.42,12.68,Germany,Lake,63,9,9,9.934382614,22.02820331,FALSE
1656,ZZZZ,-29.7,-50.09,Brazil,Lagoon,28,7,6,21.01624504,10.96834896,FALSE
1658,DONGPING Lake,36.01,116.18,China,Lake,13,8,1,14.3345367,28.57531449,FALSE
1659,NAIVASHA,-0.77,36.36,Kenya,Lake,2074,7,6,21.83835064,1.862203848,FALSE
1666,ZZZZ,67.69,-131.79,Canada,Lake,157,15,4,2.897332221,15.99383013,FALSE
1676,EGG Lake,55.06,-105.56,Canada,Lake,379,10,5,6.177505024,21.60943462,FALSE
1703,KISTIGAN Lake,54.6,-92.66,Canada,Lake,192,6,5,4.93652412,19.91560468,FALSE
1706,ROCKY Lake,54.12,-101.48,Canada,Lake,261,8,5,6.090443862,20.67525957,FALSE
1714,POYGAN,44.12,-88.87,United States,Lake,229,10,9,10.03215808,27.26270523,FALSE
1734,OMUK-KYUEL',71.01,147.16,Russia,Lake,9,22,4,1.43704236,15.80652697,FALSE
1735,MALARTIC,48.34,-78.11,Canada,Lake,304,6,5,6.597093035,23.00779178,FALSE
1740,MARFIL,-15.52,-60.24,Bolivia; Brazil,Lake,247,4,3,28.86766883,5.224886079,FALSE
1745,SKILAK Lake,60.44,-150.4,United States,Lake,73,8,4,2.570119631,11.59154689,FALSE
1748,ALMANOR,40.26,-121.19,United States,Lake,1403,9,9,10.46491514,22.72838649,FALSE
1752,"PARANAPITINGA, POCÃO GRANDE, Lago do",-2.11,-55.63,Brazil,Lake,23,7,3,30.69854877,1.448767021,FALSE
1756,GREAT SACANDAGA Lake,43.2,-74.1,United States,Reservoir,252,4,9,9.380063773,24.11618978,FALSE
1761,CASCADE,44.63,-116.1,United States,Reservoir,1526,6,5,7.994165713,22.82517096,TRUE
1771,RWERU,-2.39,30.32,Burundi; Rwanda,Lake,1373,6,6,25.08819223,2.833949204,FALSE
1774,KABELE,-8.94,25.97,DR Congo,Lake,607,8,3,27.6954862,5.230930305,FALSE
1787,BOLSHOYE EROVNOYE,52.62,111.49,Russia,Lake,954,9,5,4.559285774,20.13164164,FALSE
1793,SHALKAR-EGAKARA,50.75,60.89,Russia,Lake,304,6,5,7.381053083,23.79169441,FALSE
1801,KABWE,-9.16,26.02,DR Congo,Lake,586,5,3,27.69088902,5.570497838,FALSE
1802,SAN PEDRO,-31.37,-60.47,Argentina,Lake,9,12,6,21.01595022,12.92999136,FALSE
1815,LITTLE SACHIGO Lake,54.15,-92.11,Canada,Lake,226,9,5,5.045775699,20.36762291,FALSE
1818,MANITOU,45.78,-81.99,Canada,Lake,226,6,9,8.447586168,21.91105142,FALSE
1831,GLAFSFJORDEN,59.52,12.7,Sweden,Lake,64,9,5,7.635110326,22.29294044,FALSE
1832,NORTH WABASCA Lake,56.04,-113.91,Canada,Lake,550,9,5,6.109953571,21.11235271,FALSE
1840,ERCEK,38.67,43.59,Turkey,Lake,1850,8,9,10.84029252,22.46249799,FALSE
1841,INAWASHIRO,37.47,140.09,Japan,Lake,530,6,9,12.28276678,22.10699242,FALSE
1853,MANDIORÉ,-18.13,-57.56,Brazil; Bolivia,Lake,232,7,3,28.08524866,8.366071709,FALSE
1869,IHOTRY,-21.94,43.67,Madagascar,Lake,72,9,6,26.65880032,8.794010519,FALSE
1887,ZZZZ,53.88,70.65,Kazakhstan,Lake,77,8,9,7.967166284,28.27244011,FALSE
1893,ROXEN,58.49,15.64,Sweden,Lake,38,7,9,8.200058139,22.29495189,FALSE
1904,ZZZZ,-0.23,116.47,Indonesia,Lake,40,5,3,30.46749222,1.47124633,FALSE
1908,SLED Lake,54.46,-107.39,Canada,Lake,469,8,5,6.12844638,21.44844055,FALSE
1910,PIGEON Lake,53.02,-114.07,Canada,Lake,850,9,5,6.241486679,20.0426808,FALSE
1941,VALLI DI COMACCHIO,44.6,12.16,Italy,Lagoon,1,6,1,16.23572908,24.65964109,FALSE
1943,CHIUTA,-14.78,35.85,Malawi; Mozambique,Lake,634,5,6,25.32236733,7.97627361,FALSE
1945,KEELEY Lake,54.89,-108.13,Canada,Lake,458,9,5,6.145363073,20.4928804,FALSE
1951,QUACHUNA Lake,-13.15,-65.79,Bolivia,Lake,196,12,3,28.2587894,3.227377627,FALSE
1954,ZZZZ,-17.52,-57.78,Brazil; Bolivia,Lake,98,13,3,27.83277137,7.013471563,FALSE
1975,EPECUÉN,-37.14,-62.87,Argentina,Lake,113,8,8,16.05406683,15.64392303,FALSE
1984,UNDEN,58.77,14.46,Sweden,Lake,116,9,5,7.821626698,19.88617761,FALSE
1989,DOG Lake,51.05,-98.49,Canada,Lake,248,8,5,7.386954517,23.64902716,FALSE
1993,XIASHAN Reservoir,36.43,119.45,China,Reservoir,23,7,1,13.61935198,28.71602985,FALSE
1997,SYRKOVOYE,60.65,64.98,Russia,Lake,60,10,5,4.812799588,22.55499358,FALSE
2012,PUEBLO VIEJO,22.14,-97.89,Mexico,Lagoon,9,4,3,26.76514281,10.31264858,FALSE
2015,"BARROS, Lagoa dos",-29.93,-50.37,Brazil,Lake,136,6,6,21.3745688,11.78608122,FALSE
2018,YUELIANG Lake,45.7,123.87,China,Lake,106,15,9,8.483074353,26.20973344,FALSE
2019,TURSUNSKIY TUMAN,60.56,63.96,Russia,Lake,46,9,5,5.246560963,22.70386437,FALSE
2021,LAWFORD Lake,54.49,-96.66,Canada,Lake,207,6,5,5.822176329,20.86517733,FALSE
2027,KOSTROMSKOYE,57.92,40.72,Russia,Lake,108,8,5,7.187318361,24.38388592,FALSE
2048,LINGGO Lake,33.85,88.58,China,Lake,5097,7,4,2.315653897,9.306082304,FALSE
2054,VUOHIJÄRVI,61.18,26.7,Finland,Lake,82,7,5,5.871542987,20.95621963,FALSE
2064,KAWEENAKUMIK Lake,52.82,-99.51,Canada,Lake,259,7,5,6.677291262,23.23835748,FALSE
2092,"CASTILLOS, Laguna de",-34.33,-53.9,Uruguay,Lake,8,7,8,17.70963371,13.10032343,FALSE
2097,PAKWASH Lake,50.75,-93.53,Canada,Lake,353,6,5,5.798334637,21.02860705,FALSE
2099,"MONTE, Laguna del",-36.99,-62.47,Argentina,Lake,113,10,8,15.80639214,15.6718541,FALSE
2102,MAWDESLEY Lake,54.03,-100.63,Canada,Lake,257,5,5,6.372134033,22.28263156,FALSE
2104,DATONG Lake,29.21,112.49,China,Lake,28,4,2,20.93291611,22.22825113,FALSE
2107,OROTKO,70.84,138.39,Russia,Lake,9,22,4,1.507842552,16.16006625,FALSE
2111,CIENAGA CHILLOA,9.15,-74.06,Colombia,Lake,27,6,3,31.75945358,2.92570464,FALSE
2112,ITARIM,-2.2,-54.7,Brazil,Lake,17,24,3,29.8216389,0.697417584,FALSE
2117,BIRCH Lake,62.07,-116.57,Canada,Lake,194,11,5,4.864422535,21.19627658,FALSE
2129,KAHUL Lake,45.43,28.43,Ukraine; Moldova,Lake,10,7,9,12.30382507,26.54239467,FALSE
2130,TADENET Lake,68.64,-126.09,Canada,Lake,182,13,4,2.340813284,13.7510275,FALSE
2132,SPRING Lake,41.99,-90.15,United States,Lake,178,4,9,10.16946793,24.89078215,FALSE
2148,KISHI QARAOY KOLI,54.03,71.34,Kazakhstan,Lake,48,8,9,8.36941038,27.32421378,FALSE
2156,CHANGDANG Lake,31.61,119.55,China,Lake,1,7,1,18.67467812,26.61545483,FALSE
2162,GULL Lake,52.54,-114.01,Canada,Lake,913,8,5,5.636396969,19.98161235,FALSE
2167,LUBANS,56.77,26.88,Latvia,Lake,105,8,9,7.720085267,23.76223393,TRUE
2168,MILLWOOD Lake,33.77,-93.96,United States,Lake,85,6,2,19.84086635,22.47683351,FALSE
2179,SEMMENS Lake,55.04,-94.16,Canada,Lake,167,6,5,4.893398693,20.36893337,FALSE
2190,"CHILA, Laguna de",22.22,-98.08,Mexico,Lake,9,4,3,28.16920413,11.885242,FALSE
2192,BUFFALO Lake,52.48,-112.92,Canada,Lake,792,6,5,6.220089225,20.77098921,FALSE
2201,BILIKOL,43.04,70.7,Kazakhstan,Lake,436,9,9,12.52146161,26.9706252,FALSE
2226,KHANSKOYE,46.24,38.35,Russia,Lake,6,7,9,11.35783431,25.90852852,FALSE
2228,ZZZZ,-52.04,-72.47,Chile,Lake,86,7,7,6.285023069,12.56973432,FALSE
2239,URYUM,54.55,78.49,Russia,Lake,107,9,5,6.76132177,25.70392143,FALSE
2243,PARU,-1.9,-55.81,Brazil,Lake,13,25,3,29.93984521,1.021254765,FALSE
2263,KAZAN Lake,55.55,-108.33,Canada,Lake,443,6,5,5.930542993,21.25906529,FALSE
2264,KURILSKOYE,51.46,157.1,Russia,Lake,150,4,4,3.565193592,11.21769954,FALSE
2271,KINKONY,-16.16,45.8,Madagascar,Lake,63,6,3,28.21258954,6.441417128,FALSE
2273,CHONDUYA,68.58,152.3,Russia,Lake,29,14,4,2.615456542,16.98217131,FALSE
2276,KOTCHO Lake,59.08,-121.13,Canada,Lake,620,8,5,4.838754295,19.89290045,FALSE
2280,IBERÁ WETLANDS,-28.07,-56.79,Argentina,Lake,54,4,6,21.66796824,13.14309121,FALSE
2285,EBEYTY,54.65,71.73,Russia,Lake,114,7,9,7.791518656,24.34870583,TRUE
2313,IHEMA,-1.89,30.77,Rwanda,Lake,1355,4,6,25.56929748,2.762420307,FALSE
2314,KHUKH Lake,49.52,115.58,Mongolia,Lake,568,8,5,6.401346035,23.15364973,FALSE
2317,CHIEMSEE,47.88,12.44,Germany,Lake,526,6,9,10.74260863,22.23084239,FALSE
2323,PEERLESS Lake,56.63,-114.66,Canada,Lake,689,8,5,5.53865435,18.86293372,FALSE
2326,CHIP Lake,53.65,-115.38,Canada,Lake,793,8,5,5.802428664,23.49503295,FALSE
2330,HARGRAVE Lake,54.47,-99.68,Canada,Lake,267,8,5,5.526260898,21.98066866,FALSE
2331,ANDREEVSKOYE,58.92,66.9,Russia,Lake,50,8,5,5.853332399,24.60665897,FALSE
2335,BIRCH Lake,64.36,-121.96,Canada,Lake,163,8,4,3.830587213,19.01971258,TRUE
2336,NORRA DELLEN,61.87,16.71,Sweden,Lake,52,10,5,6.378014374,19.88504386,FALSE
2345,HOUGHTON Lake,44.34,-84.71,United States,Lake,347,5,9,9.379073976,23.87067789,FALSE
2358,GLAN,58.64,15.98,Sweden,Lake,29,6,9,8.754517146,22.28072726,FALSE
2365,HAWIZEH MARSHES,31.6,47.63,Iraq,Lake,7,5,2,22.59079197,18.52065699,FALSE
2395,CADDABASSA,10.21,40.5,Ethiopia,Reservoir,562,6,3,28.25329348,4.267343298,FALSE
2408,ZZZZ,45.21,33.51,Ukraine,Lagoon,3,6,9,12.77542723,27.11146113,FALSE
2418,TURTLE Lake,53.61,-108.61,Canada,Lake,663,6,5,5.033125846,18.40526797,FALSE
2420,WATERHEN Lake,54.48,-108.46,Canada,Lake,482,6,5,6.000508635,21.96768913,FALSE
2421,CHITEK Lake,52.42,-99.41,Canada,Lake,262,7,5,6.832272423,22.71199033,FALSE
2425,NARAC,54.86,26.77,Belarus,Lake,175,7,9,7.852992311,21.96526104,TRUE
2436,WEYAKWIN Lake,54.48,-105.97,Canada,Lake,606,6,5,5.767914865,20.32026602,FALSE
2447,MARGARET Lake,58.96,-115.41,Canada,Lake,823,4,4,3.277917522,14.39826187,FALSE
2470,RICHARDSON Lake,58.39,-111.08,Canada,Lake,213,6,5,6.397157922,22.75188357,FALSE
2473,STORSJÖN,60.57,16.75,Sweden,Lake,50,6,5,6.984597014,21.67269872,FALSE
2477,WELLESLEY Lake,62.35,-139.82,Canada,Lake,585,7,4,4.013735741,17.23664777,FALSE
2484,CATEMACO,18.4,-95.04,Mexico,Lake,353,5,3,27.0000054,7.164091456,FALSE
2485,ZZZZ,67.39,-125.95,Canada,Lake,301,14,4,2.709223332,15.5765052,FALSE
2497,LEUSHINSKIY TUMAN,59.7,65.71,Russia,Lake,38,7,5,5.367654297,23.74347563,FALSE
2507,ZZZZ,50.14,68.39,Kazakhstan,Lake,324,5,9,8.253175551,25.21879879,FALSE
2518,ZZZZ,-51.9,-72.33,Chile,Lagoon,21,8,7,6.436210839,13.00197109,FALSE
2528,CHUKOCHYE,69.39,160.18,Russia,Lake,2,7,4,2.132792378,17.85680008,FALSE
2544,LENORE Lake,52.5,-104.97,Canada,Lake,532,7,5,6.40241144,22.18599388,FALSE
2550,ZZZZ,9.72,-74.71,Colombia,Lake,10,6,3,31.33892013,2.159713037,FALSE
2554,LEBSKO Lake,54.71,17.41,Poland,Lagoon,3,9,9,9.388318238,22.3787152,FALSE
2559,LA GAIBA Lake,-17.75,-57.73,Bolivia; Brazil,Lake,107,7,3,28.12203262,7.435167017,FALSE
2594,JACKFISH Lake,53.07,-108.4,Canada,Lake,531,6,5,6.316232596,21.46579847,FALSE
2595,WASKESIU Lake,53.96,-106.25,Canada,Lake,527,5,5,6.255697191,20.50745441,FALSE
2616,HARRIS,28.76,-81.81,United States,Lake,21,7,2,24.07244799,14.81367807,FALSE
2627,IK,56.05,71.55,Russia,Lake,102,7,5,6.583046944,23.27971035,FALSE
2655,TETLIN Lake,63.1,-142.77,United States,Lake,549,7,5,4.151575602,18.96043809,FALSE
2673,WHITEMOUTH Lake,49.24,-95.68,Canada,Lake,348,6,5,7.641224079,24.66347948,FALSE
2693,"ILOPANGO, Lago de",13.67,-89.05,El Salvador,Lake,535,4,3,28.43504467,3.84635145,FALSE
2695,RUZHNIKOVA,67.86,155.89,Russia,Lake,13,9,4,2.701961682,16.79033412,FALSE
2709,ARSENAULT Lake,55.1,-108.51,Canada,Lake,473,6,5,6.271086118,21.26686251,FALSE
2725,ZZZZ,51.86,140.53,Russia,Lake,15,6,5,5.582580052,21.43462182,FALSE
2731,MURIEL Lake,54.15,-110.69,Canada,Lake,563,5,5,6.429555182,21.94162532,FALSE
2750,SUTURUAKA,69.15,145.4,Russia,Lake,57,12,4,2.232722035,18.70456591,FALSE
2762,CORONDA,-32.08,-60.87,Argentina,Lake,16,40,8,20.01279004,13.24324733,FALSE
2799,PHELPS Lake,35.77,-76.47,United States,Lake,3,5,1,17.47021763,22.11437325,FALSE
2898,GRENADA Lake,33.86,-89.72,United States,Lake,71,5,2,20.53794787,20.63247929,FALSE
2926,ORON,54.83,112.25,Russia,Lake,1181,4,4,3.162650808,16.94363846,FALSE
2927,"VARANO, Lago di",41.88,15.74,Italy,Lagoon,0,6,1,18.36412634,17.15001492,FALSE
2940,TUMAN,59.63,66.34,Russia,Lake,25,6,5,5.567822026,25.72164018,FALSE
2944,REDBERRY Lake,52.68,-107.15,Canada,Lake,519,6,5,6.369498746,20.92072844,FALSE
2955,UVILDY,55.54,60.5,Russia,Lake,275,6,5,6.292702294,22.29973455,FALSE
2960,ZZZZ,67.98,-132.93,Canada,Lake,208,11,4,2.832290029,18.46212773,FALSE
2961,KURCHANSKIY,45.28,37.5,Russia,Lagoon,3,4,9,12.6561495,27.36608329,FALSE
2974,KELSEY Lake,53.64,-101.04,Canada,Lake,258,5,5,5.416943197,21.79617531,FALSE
2978,BURT Lake,45.47,-84.67,United States,Lake,186,5,9,9.116718845,24.06496734,FALSE
2988,"ALLEMANDS, Lac des",29.92,-90.57,United States,Lake,0,4,2,22.87378224,19.27568028,FALSE
3002,ZZZZ,68.95,-133.66,Canada,Lake,48,8,4,2.620627283,16.91371144,FALSE
3007,CIENAGA DE AYAPEL,8.36,-75.07,Colombia,Lake,29,4,3,31.75947651,2.356956884,FALSE
3040,ZZZZ,52.87,-99.37,Canada,Lake,264,7,5,6.604446727,22.10219283,FALSE
3079,GARSON Lake,56.32,-110.03,Canada,Lake,469,6,5,5.571435228,20.8552293,FALSE
3097,VYSHNEVOLOTSKOYE,57.57,34.45,Russia,Lake,153,6,5,6.390747144,22.45579813,FALSE
3129,ROREY Lake,66.89,-128.43,Canada,Lake,98,10,4,1.638465046,13.07646011,FALSE
3133,KILEKALE Lake,66.66,-123.98,Canada,Lake,304,12,4,2.72479607,17.28982648,FALSE
3135,WUSKWATIM Lake,55.55,-98.55,Canada,Lake,231,5,5,5.349397067,20.51723642,FALSE
3150,ZZZZ,-53.96,-69.39,Chile,Lake,179,6,7,4.824209973,11.38710079,FALSE
3171,MARRYAT Inlet,68.39,-166.48,United States,Lagoon,1,14,4,1.701180356,11.37808208,FALSE
3188,STE. ANNE,53.7,-114.4,Canada,Lake,723,4,5,6.022315452,21.08546972,FALSE
3191,TOWADA,40.46,140.89,Japan,Lake,479,2,9,10.77451094,22.70135815,FALSE
3196,ÉTANG DE CAZAUX ET DE SANGUINET,44.48,-1.14,France,Lagoon,24,5,1,15.73620662,17.04098217,FALSE
3203,"TALAHONG, DELONG, YANGCAOHAO Lakes",46.79,124.09,China,Lake,135,11,5,7.897905649,27.44739499,FALSE
3208,ZZZZ,38.93,48.87,Azerbaijan,Lake,-22,5,1,17.76917366,23.38096411,FALSE
3218,MELINCUÉ Lake,-33.71,-61.48,Argentina,Lake,91,9,8,17.75753128,14.9258382,FALSE
3231,FROG Lake,53.91,-110.34,Canada,Lake,579,6,5,4.952533504,17.92118163,FALSE
3238,VERRET,29.89,-91.14,United States,Lake,0,5,2,23.30147352,18.56366155,FALSE
3243,KINGSMERE Lake,54.08,-106.46,Canada,Lake,541,8,5,5.683613481,18.94106896,FALSE
3276,MALOYE EROVNOYE,52.66,111.64,Russia,Lake,954,6,5,4.271509653,21.37186923,FALSE
3281,ORSASJÖN/ORSA Lake,61.08,14.56,Sweden,Lake,185,8,5,6.105571999,20.60161949,FALSE
3307,BRACCIANO,42.12,12.23,Italy,Lake,191,4,1,17.44003667,17.05974082,FALSE
3312,KUBUY,71.04,137.76,Russia,Lake,17,18,4,1.637388733,18.21469543,FALSE
3365,ARAKHLEY,52.21,112.87,Russia,Lake,977,5,4,4.502002251,19.42765925,TRUE
3379,RAZNAS,56.33,27.43,Latvia,Lake,166,4,5,7.37655684,22.52247701,FALSE
3392,MAGISS Lake,52.95,-91.69,Canada,Lake,291,4,5,5.563216025,21.34467863,FALSE
3397,"MONTIGNY, Lac de",48.13,-77.9,Canada,Lake,304,6,5,6.228351686,20.88153105,FALSE
3398,DYRYN-EBE,67.71,154.54,Russia,Lake,13,9,4,2.793348941,18.56538935,FALSE
3421,ZZZZ,52.6,65.59,Kazakhstan,Lake,200,6,5,6.974255254,24.4271992,FALSE
3446,RUFUS Lake,69.58,-129.98,Canada,Lake,16,10,4,2.000262923,13.64246942,FALSE
3471,ZZZZ,-29.63,-60.73,Argentina,Lake,43,6,6,21.07546724,15.04546213,TRUE
3493,CRATER Lake,42.94,-122.11,United States,Lake,1959,4,5,7.534587412,15.84460087,TRUE
3523,WABIMEIG Lake,51.47,-85.6,Canada,Lake,155,4,5,5.053443884,19.36365777,FALSE
3529,ZZZZ,65.22,-125.36,Canada,Lake,83,7,4,4.110481559,20.71956241,TRUE
3570,COLEN Lakes,54.56,-95.39,Canada,Lake,187,8,5,5.138618723,20.11501847,FALSE
3587,CARDINAL Lake,56.24,-117.72,Canada,Lake,652,4,5,5.906606492,22.21717826,FALSE
